Id,task_1,task_2
data/test/melanoma/ISIC_0012258.jpg,0.5164804458618164,0.23200231790542603
data/test/melanoma/ISIC_0012356.jpg,0.3147576153278351,0.3480488657951355
data/test/melanoma/ISIC_0012369.jpg,0.5556840300559998,0.17738120257854462
data/test/melanoma/ISIC_0012395.jpg,0.38204890489578247,0.3327280879020691
data/test/melanoma/ISIC_0012425.jpg,0.4673175513744354,0.3174481987953186
data/test/melanoma/ISIC_0012758.jpg,0.4459381699562073,0.2789078652858734
data/test/melanoma/ISIC_0012989.jpg,0.44191551208496094,0.3909720778465271
data/test/melanoma/ISIC_0013072.jpg,0.5790612697601318,0.2708316743373871
data/test/melanoma/ISIC_0013073.jpg,0.49874234199523926,0.36117881536483765
data/test/melanoma/ISIC_0013242.jpg,0.48385557532310486,0.335114449262619
data/test/melanoma/ISIC_0013277.jpg,0.4966053068637848,0.27116310596466064
data/test/melanoma/ISIC_0013321.jpg,0.6114341020584106,0.15779682993888855
data/test/melanoma/ISIC_0013374.jpg,0.5373906493186951,0.24660922586917877
data/test/melanoma/ISIC_0013411.jpg,0.3483501076698303,0.2718770503997803
data/test/melanoma/ISIC_0013414.jpg,0.19705034792423248,0.6490089297294617
data/test/melanoma/ISIC_0013455.jpg,0.44970759749412537,0.2891497313976288
data/test/melanoma/ISIC_0013457.jpg,0.3928046226501465,0.3077595829963684
data/test/melanoma/ISIC_0013459.jpg,0.24942222237586975,0.5928376913070679
data/test/melanoma/ISIC_0013472.jpg,0.47616875171661377,0.4283532500267029
data/test/melanoma/ISIC_0013473.jpg,0.5204697847366333,0.2413668930530548
data/test/melanoma/ISIC_0013565.jpg,0.3324696123600006,0.3080352246761322
data/test/melanoma/ISIC_0013577.jpg,0.34071505069732666,0.3842082917690277
data/test/melanoma/ISIC_0013588.jpg,0.500813364982605,0.4094696342945099
data/test/melanoma/ISIC_0013615.jpg,0.6291194558143616,0.2978687882423401
data/test/melanoma/ISIC_0013617.jpg,0.4874172508716583,0.15958359837532043
data/test/melanoma/ISIC_0013636.jpg,0.31691494584083557,0.28939345479011536
data/test/melanoma/ISIC_0013678.jpg,0.3744945526123047,0.4783332049846649
data/test/melanoma/ISIC_0013696.jpg,0.40558478236198425,0.4123760163784027
data/test/melanoma/ISIC_0013733.jpg,0.3696743845939636,0.2847573757171631
data/test/melanoma/ISIC_0013739.jpg,0.4283948540687561,0.2769927680492401
data/test/melanoma/ISIC_0013766.jpg,0.6108540296554565,0.21343950927257538
data/test/melanoma/ISIC_0013767.jpg,0.5412129759788513,0.19572055339813232
data/test/melanoma/ISIC_0013813.jpg,0.34515181183815,0.286302775144577
data/test/melanoma/ISIC_0013814.jpg,0.556641697883606,0.3448197543621063
data/test/melanoma/ISIC_0013833.jpg,0.5870500206947327,0.3691144287586212
data/test/melanoma/ISIC_0013842.jpg,0.35585758090019226,0.5157595872879028
data/test/melanoma/ISIC_0013867.jpg,0.3846818208694458,0.31997811794281006
data/test/melanoma/ISIC_0013908.jpg,0.48021021485328674,0.303197979927063
data/test/melanoma/ISIC_0013917.jpg,0.49379202723503113,0.25830090045928955
data/test/melanoma/ISIC_0013925.jpg,0.264731764793396,0.3436152935028076
data/test/melanoma/ISIC_0013948.jpg,0.46651437878608704,0.26453253626823425
data/test/melanoma/ISIC_0013953.jpg,0.40756839513778687,0.2503381669521332
data/test/melanoma/ISIC_0013987.jpg,0.3190498352050781,0.3754054009914398
data/test/melanoma/ISIC_0013988.jpg,0.3505835235118866,0.39287060499191284
data/test/melanoma/ISIC_0014027.jpg,0.5682855844497681,0.19299936294555664
data/test/melanoma/ISIC_0014059.jpg,0.28957971930503845,0.5568276643753052
data/test/melanoma/ISIC_0014077.jpg,0.32121390104293823,0.4924563467502594
data/test/melanoma/ISIC_0014103.jpg,0.5224109888076782,0.30902332067489624
data/test/melanoma/ISIC_0014110.jpg,0.3171007037162781,0.4544975161552429
data/test/melanoma/ISIC_0014129.jpg,0.5603777766227722,0.1628422737121582
data/test/melanoma/ISIC_0014148.jpg,0.454101026058197,0.3388619124889374
data/test/melanoma/ISIC_0014160.jpg,0.42252317070961,0.36533215641975403
data/test/melanoma/ISIC_0014181.jpg,0.475096732378006,0.16976138949394226
data/test/melanoma/ISIC_0014186.jpg,0.35029587149620056,0.35062459111213684
data/test/melanoma/ISIC_0014219.jpg,0.6577156782150269,0.21648402512073517
data/test/melanoma/ISIC_0014221.jpg,0.35602495074272156,0.28472810983657837
data/test/melanoma/ISIC_0014233.jpg,0.5011638402938843,0.3294673264026642
data/test/melanoma/ISIC_0014255.jpg,0.4285452663898468,0.46475622057914734
data/test/melanoma/ISIC_0014270.jpg,0.3487439751625061,0.3327735364437103
data/test/melanoma/ISIC_0014284.jpg,0.3854725658893585,0.32396599650382996
data/test/melanoma/ISIC_0014288.jpg,0.3289327323436737,0.47086793184280396
data/test/melanoma/ISIC_0014319.jpg,0.32609984278678894,0.629908561706543
data/test/melanoma/ISIC_0014336.jpg,0.2996784746646881,0.4075027406215668
data/test/melanoma/ISIC_0014349.jpg,0.3235519230365753,0.45961540937423706
data/test/melanoma/ISIC_0014369.jpg,0.33559995889663696,0.39296838641166687
data/test/melanoma/ISIC_0014423.jpg,0.4768468737602234,0.16938501596450806
data/test/melanoma/ISIC_0014434.jpg,0.6514754891395569,0.18346409499645233
data/test/melanoma/ISIC_0014454.jpg,0.5108099579811096,0.2884397506713867
data/test/melanoma/ISIC_0014478.jpg,0.48310431838035583,0.35363855957984924
data/test/melanoma/ISIC_0014489.jpg,0.35372915863990784,0.3541707694530487
data/test/melanoma/ISIC_0014506.jpg,0.5336357355117798,0.36148685216903687
data/test/melanoma/ISIC_0014513.jpg,0.5693786144256592,0.2503160238265991
data/test/melanoma/ISIC_0014541.jpg,0.4773781895637512,0.22657857835292816
data/test/melanoma/ISIC_0014542.jpg,0.376392662525177,0.21286986768245697
data/test/melanoma/ISIC_0014546.jpg,0.4846749007701874,0.23525342345237732
data/test/melanoma/ISIC_0014548.jpg,0.4275074303150177,0.306421160697937
data/test/melanoma/ISIC_0014559.jpg,0.24012985825538635,0.2817003130912781
data/test/melanoma/ISIC_0014663.jpg,0.49543070793151855,0.43058380484580994
data/test/melanoma/ISIC_0014666.jpg,0.411337286233902,0.29095569252967834
data/test/melanoma/ISIC_0014695.jpg,0.5385966300964355,0.17936064302921295
data/test/melanoma/ISIC_0014703.jpg,0.6258031725883484,0.24108083546161652
data/test/melanoma/ISIC_0014727.jpg,0.43622153997421265,0.33983802795410156
data/test/melanoma/ISIC_0014766.jpg,0.4305368661880493,0.12122361361980438
data/test/melanoma/ISIC_0014772.jpg,0.2507202923297882,0.35247525572776794
data/test/melanoma/ISIC_0014784.jpg,0.6460248231887817,0.28399723768234253
data/test/melanoma/ISIC_0014790.jpg,0.5592150092124939,0.20139701664447784
data/test/melanoma/ISIC_0014800.jpg,0.3971320688724518,0.3457549810409546
data/test/melanoma/ISIC_0014826.jpg,0.31145334243774414,0.2511897683143616
data/test/melanoma/ISIC_0014862.jpg,0.509897768497467,0.18772070109844208
data/test/melanoma/ISIC_0014872.jpg,0.5395814776420593,0.1614665389060974
data/test/melanoma/ISIC_0014883.jpg,0.5271576046943665,0.2636871337890625
data/test/melanoma/ISIC_0014912.jpg,0.49309295415878296,0.2951347529888153
data/test/melanoma/ISIC_0014928.jpg,0.32792797684669495,0.39525508880615234
data/test/melanoma/ISIC_0014932.jpg,0.37885263562202454,0.5377175807952881
data/test/melanoma/ISIC_0014963.jpg,0.6453049182891846,0.15487106144428253
data/test/melanoma/ISIC_0014982.jpg,0.1734854280948639,0.48466986417770386
data/test/melanoma/ISIC_0015004.jpg,0.346822589635849,0.48705434799194336
data/test/melanoma/ISIC_0015041.jpg,0.24786768853664398,0.47740551829338074
data/test/melanoma/ISIC_0015046.jpg,0.458261102437973,0.26711606979370117
data/test/melanoma/ISIC_0015050.jpg,0.18027843534946442,0.654512882232666
data/test/melanoma/ISIC_0015071.jpg,0.47755855321884155,0.4161742627620697
data/test/melanoma/ISIC_0015115.jpg,0.5620149970054626,0.17430821061134338
data/test/melanoma/ISIC_0015119.jpg,0.3155573308467865,0.4318295121192932
data/test/melanoma/ISIC_0015127.jpg,0.5313854217529297,0.4104365110397339
data/test/melanoma/ISIC_0015132.jpg,0.25229161977767944,0.6857849359512329
data/test/melanoma/ISIC_0015133.jpg,0.5708327889442444,0.3132480978965759
data/test/melanoma/ISIC_0015136.jpg,0.6163734197616577,0.23554454743862152
data/test/melanoma/ISIC_0015142.jpg,0.6465631127357483,0.15387332439422607
data/test/melanoma/ISIC_0015156.jpg,0.2834881544113159,0.6448000073432922
data/test/melanoma/ISIC_0015163.jpg,0.45495522022247314,0.37422212958335876
data/test/melanoma/ISIC_0015167.jpg,0.5114520192146301,0.1652298867702484
data/test/melanoma/ISIC_0015180.jpg,0.4164985716342926,0.285581111907959
data/test/melanoma/ISIC_0015185.jpg,0.4022744297981262,0.6756289601325989
data/test/melanoma/ISIC_0015193.jpg,0.39203959703445435,0.3238733112812042
data/test/melanoma/ISIC_0015206.jpg,0.39818117022514343,0.14573755860328674
data/test/melanoma/ISIC_0015229.jpg,0.27091559767723083,0.28442132472991943
data/test/melanoma/ISIC_0015251.jpg,0.5560590028762817,0.2427031695842743
data/test/nevus/ISIC_0012092.jpg,0.4035130739212036,0.40578925609588623
data/test/nevus/ISIC_0012095.jpg,0.5652230381965637,0.2395583838224411
data/test/nevus/ISIC_0012147.jpg,0.5375577211380005,0.3125249445438385
data/test/nevus/ISIC_0012149.jpg,0.5192864537239075,0.501964271068573
data/test/nevus/ISIC_0012152.jpg,0.4453377425670624,0.20191214978694916
data/test/nevus/ISIC_0012216.jpg,0.4387172758579254,0.3458743691444397
data/test/nevus/ISIC_0012357.jpg,0.35172775387763977,0.2640867233276367
data/test/nevus/ISIC_0012484.jpg,0.4741974472999573,0.17321860790252686
data/test/nevus/ISIC_0012493.jpg,0.38946443796157837,0.3892517387866974
data/test/nevus/ISIC_0012551.jpg,0.27498528361320496,0.3975852131843567
data/test/nevus/ISIC_0012654.jpg,0.4211684465408325,0.11803220212459564
data/test/nevus/ISIC_0012656.jpg,0.48562711477279663,0.46658626198768616
data/test/nevus/ISIC_0012708.jpg,0.48079025745391846,0.3318703770637512
data/test/nevus/ISIC_0012722.jpg,0.24167141318321228,0.5125308036804199
data/test/nevus/ISIC_0012803.jpg,0.537972092628479,0.1729957014322281
data/test/nevus/ISIC_0012836.jpg,0.37257400155067444,0.4051620364189148
data/test/nevus/ISIC_0012837.jpg,0.4371262192726135,0.1905665397644043
data/test/nevus/ISIC_0012903.jpg,0.3402377963066101,0.21597351133823395
data/test/nevus/ISIC_0012904.jpg,0.2608010470867157,0.4945929944515228
data/test/nevus/ISIC_0012941.jpg,0.6527760028839111,0.13910681009292603
data/test/nevus/ISIC_0012967.jpg,0.626183032989502,0.22387836873531342
data/test/nevus/ISIC_0013045.jpg,0.5030877590179443,0.4054722189903259
data/test/nevus/ISIC_0013070.jpg,0.4878509044647217,0.38969698548316956
data/test/nevus/ISIC_0013109.jpg,0.5789952874183655,0.30597123503685
data/test/nevus/ISIC_0013159.jpg,0.4416254460811615,0.30634215474128723
data/test/nevus/ISIC_0013164.jpg,0.4866136312484741,0.1357366144657135
data/test/nevus/ISIC_0013176.jpg,0.45009922981262207,0.2654496133327484
data/test/nevus/ISIC_0013191.jpg,0.5489912629127502,0.35536089539527893
data/test/nevus/ISIC_0013216.jpg,0.23551446199417114,0.6201510429382324
data/test/nevus/ISIC_0013226.jpg,0.49175241589546204,0.17189721763134003
data/test/nevus/ISIC_0013230.jpg,0.48701730370521545,0.3535289168357849
data/test/nevus/ISIC_0013269.jpg,0.5611656904220581,0.2453877031803131
data/test/nevus/ISIC_0013291.jpg,0.44663503766059875,0.28649795055389404
data/test/nevus/ISIC_0013325.jpg,0.3958297669887543,0.31157156825065613
data/test/nevus/ISIC_0013399.jpg,0.404936820268631,0.39454197883605957
data/test/nevus/ISIC_0013416.jpg,0.39671576023101807,0.30505526065826416
data/test/nevus/ISIC_0013511.jpg,0.4756653606891632,0.21851392090320587
data/test/nevus/ISIC_0013512.jpg,0.4143029749393463,0.4461820125579834
data/test/nevus/ISIC_0013529.jpg,0.3672206997871399,0.22640767693519592
data/test/nevus/ISIC_0013600.jpg,0.5718061923980713,0.4142211675643921
data/test/nevus/ISIC_0013602.jpg,0.5993712544441223,0.17347010970115662
data/test/nevus/ISIC_0013738.jpg,0.4225018322467804,0.38615432381629944
data/test/nevus/ISIC_0013794.jpg,0.5304211378097534,0.18268239498138428
data/test/nevus/ISIC_0013809.jpg,0.5571444630622864,0.33684241771698
data/test/nevus/ISIC_0013891.jpg,0.6365742683410645,0.14118313789367676
data/test/nevus/ISIC_0013897.jpg,0.3841262757778168,0.28151267766952515
data/test/nevus/ISIC_0013911.jpg,0.37740451097488403,0.3515256345272064
data/test/nevus/ISIC_0013966.jpg,0.7090322971343994,0.15302230417728424
data/test/nevus/ISIC_0013998.jpg,0.5706459283828735,0.20602326095104218
data/test/nevus/ISIC_0014090.jpg,0.47443336248397827,0.17750990390777588
data/test/nevus/ISIC_0014117.jpg,0.1920836865901947,0.6272534728050232
data/test/nevus/ISIC_0014470.jpg,0.31511735916137695,0.5881070494651794
data/test/nevus/ISIC_0014675.jpg,0.397040456533432,0.19159498810768127
data/test/nevus/ISIC_0014677.jpg,0.15946947038173676,0.5177763104438782
data/test/nevus/ISIC_0014687.jpg,0.39098936319351196,0.4022090435028076
data/test/nevus/ISIC_0014693.jpg,0.32753875851631165,0.554643988609314
data/test/nevus/ISIC_0014697.jpg,0.5327205657958984,0.1827363669872284
data/test/nevus/ISIC_0014698.jpg,0.615946888923645,0.20496048033237457
data/test/nevus/ISIC_0014720.jpg,0.4807436168193817,0.22183215618133545
data/test/nevus/ISIC_0014725.jpg,0.4540829658508301,0.22282561659812927
data/test/nevus/ISIC_0014728.jpg,0.5851438641548157,0.30793237686157227
data/test/nevus/ISIC_0014729.jpg,0.2047538161277771,0.6936773061752319
data/test/nevus/ISIC_0014740.jpg,0.28588297963142395,0.3135477304458618
data/test/nevus/ISIC_0014743.jpg,0.48406681418418884,0.19924654066562653
data/test/nevus/ISIC_0014746.jpg,0.5340979695320129,0.1793420910835266
data/test/nevus/ISIC_0014749.jpg,0.3365572690963745,0.14596039056777954
data/test/nevus/ISIC_0014753.jpg,0.42165958881378174,0.18159377574920654
data/test/nevus/ISIC_0014755.jpg,0.6030977964401245,0.2664923071861267
data/test/nevus/ISIC_0014765.jpg,0.7308050394058228,0.11152678728103638
data/test/nevus/ISIC_0014768.jpg,0.3882419764995575,0.2713429927825928
data/test/nevus/ISIC_0014773.jpg,0.5965208411216736,0.3866451382637024
data/test/nevus/ISIC_0014780.jpg,0.22949627041816711,0.34596285223960876
data/test/nevus/ISIC_0014786.jpg,0.1842745691537857,0.6490401029586792
data/test/nevus/ISIC_0014787.jpg,0.44935160875320435,0.2732827663421631
data/test/nevus/ISIC_0014792.jpg,0.3108339011669159,0.4755082130432129
data/test/nevus/ISIC_0014796.jpg,0.5905676484107971,0.16527977585792542
data/test/nevus/ISIC_0014798.jpg,0.6669902801513672,0.15388751029968262
data/test/nevus/ISIC_0014807.jpg,0.27495038509368896,0.28628745675086975
data/test/nevus/ISIC_0014814.jpg,0.3918977677822113,0.20037071406841278
data/test/nevus/ISIC_0014815.jpg,0.4597328305244446,0.2227877676486969
data/test/nevus/ISIC_0014820.jpg,0.4107823669910431,0.2511892318725586
data/test/nevus/ISIC_0014822.jpg,0.4408476650714874,0.3251180648803711
data/test/nevus/ISIC_0014833.jpg,0.48440998792648315,0.24358786642551422
data/test/nevus/ISIC_0014835.jpg,0.3544466495513916,0.34036049246788025
data/test/nevus/ISIC_0014844.jpg,0.19883504509925842,0.6477915644645691
data/test/nevus/ISIC_0014853.jpg,0.5517468452453613,0.2727430760860443
data/test/nevus/ISIC_0014854.jpg,0.32758086919784546,0.5773874521255493
data/test/nevus/ISIC_0014863.jpg,0.7732917666435242,0.11721357703208923
data/test/nevus/ISIC_0014867.jpg,0.47263097763061523,0.21943488717079163
data/test/nevus/ISIC_0014868.jpg,0.20119071006774902,0.4802629053592682
data/test/nevus/ISIC_0014876.jpg,0.42108702659606934,0.5141351819038391
data/test/nevus/ISIC_0014879.jpg,0.544418215751648,0.17567525804042816
data/test/nevus/ISIC_0014901.jpg,0.4818965792655945,0.43614599108695984
data/test/nevus/ISIC_0014907.jpg,0.4663630425930023,0.16301988065242767
data/test/nevus/ISIC_0014910.jpg,0.4794689118862152,0.3576081097126007
data/test/nevus/ISIC_0014921.jpg,0.41396594047546387,0.4290675222873688
data/test/nevus/ISIC_0014927.jpg,0.47526490688323975,0.27930137515068054
data/test/nevus/ISIC_0014936.jpg,0.3422662615776062,0.4989735782146454
data/test/nevus/ISIC_0014938.jpg,0.5113309621810913,0.1719789206981659
data/test/nevus/ISIC_0014940.jpg,0.6165287494659424,0.2115888148546219
data/test/nevus/ISIC_0014941.jpg,0.4426423907279968,0.42226651310920715
data/test/nevus/ISIC_0014942.jpg,0.6169443130493164,0.25762462615966797
data/test/nevus/ISIC_0014943.jpg,0.6536403298377991,0.28319886326789856
data/test/nevus/ISIC_0014944.jpg,0.6424790620803833,0.20392490923404694
data/test/nevus/ISIC_0014947.jpg,0.39883914589881897,0.44124361872673035
data/test/nevus/ISIC_0014948.jpg,0.24205003678798676,0.4561012089252472
data/test/nevus/ISIC_0014949.jpg,0.48962295055389404,0.2973361909389496
data/test/nevus/ISIC_0014952.jpg,0.35142844915390015,0.16196657717227936
data/test/nevus/ISIC_0014955.jpg,0.36324816942214966,0.2535955011844635
data/test/nevus/ISIC_0014956.jpg,0.31951603293418884,0.19112467765808105
data/test/nevus/ISIC_0014957.jpg,0.46365246176719666,0.24164576828479767
data/test/nevus/ISIC_0014958.jpg,0.2952650785446167,0.5655538439750671
data/test/nevus/ISIC_0014959.jpg,0.35878831148147583,0.4941195249557495
data/test/nevus/ISIC_0014961.jpg,0.41699808835983276,0.388782262802124
data/test/nevus/ISIC_0014962.jpg,0.27642810344696045,0.47278812527656555
data/test/nevus/ISIC_0014964.jpg,0.5392918586730957,0.20299752056598663
data/test/nevus/ISIC_0014966.jpg,0.4244072437286377,0.3220994770526886
data/test/nevus/ISIC_0014968.jpg,0.41851043701171875,0.5306317806243896
data/test/nevus/ISIC_0014969.jpg,0.26966893672943115,0.43080344796180725
data/test/nevus/ISIC_0014973.jpg,0.3209855854511261,0.4089837968349457
data/test/nevus/ISIC_0014974.jpg,0.5004802346229553,0.32905280590057373
data/test/nevus/ISIC_0014977.jpg,0.3576153814792633,0.32637518644332886
data/test/nevus/ISIC_0014992.jpg,0.2505081295967102,0.5246421098709106
data/test/nevus/ISIC_0014994.jpg,0.24929514527320862,0.3828369975090027
data/test/nevus/ISIC_0014998.jpg,0.4661034345626831,0.308976411819458
data/test/nevus/ISIC_0015002.jpg,0.3156503140926361,0.3869137465953827
data/test/nevus/ISIC_0015003.jpg,0.34502851963043213,0.2147483378648758
data/test/nevus/ISIC_0015007.jpg,0.46338987350463867,0.2560289204120636
data/test/nevus/ISIC_0015008.jpg,0.3123142719268799,0.37108197808265686
data/test/nevus/ISIC_0015009.jpg,0.35787227749824524,0.5295817255973816
data/test/nevus/ISIC_0015011.jpg,0.3851211965084076,0.2543819844722748
data/test/nevus/ISIC_0015013.jpg,0.6579360961914062,0.2920455038547516
data/test/nevus/ISIC_0015015.jpg,0.2729061245918274,0.631760835647583
data/test/nevus/ISIC_0015016.jpg,0.5418434739112854,0.23563992977142334
data/test/nevus/ISIC_0015018.jpg,0.6142414808273315,0.3650590777397156
data/test/nevus/ISIC_0015019.jpg,0.4011940360069275,0.35520878434181213
data/test/nevus/ISIC_0015020.jpg,0.5107677578926086,0.3826247453689575
data/test/nevus/ISIC_0015021.jpg,0.29662075638771057,0.5103514790534973
data/test/nevus/ISIC_0015023.jpg,0.5363024473190308,0.19018866121768951
data/test/nevus/ISIC_0015026.jpg,0.3263928294181824,0.3740747272968292
data/test/nevus/ISIC_0015030.jpg,0.43547749519348145,0.3778080344200134
data/test/nevus/ISIC_0015031.jpg,0.46966439485549927,0.37179312109947205
data/test/nevus/ISIC_0015034.jpg,0.5346483588218689,0.24466849863529205
data/test/nevus/ISIC_0015035.jpg,0.21127746999263763,0.5170058608055115
data/test/nevus/ISIC_0015037.jpg,0.44049200415611267,0.33122336864471436
data/test/nevus/ISIC_0015040.jpg,0.39017024636268616,0.21024362742900848
data/test/nevus/ISIC_0015051.jpg,0.5304298996925354,0.2460096925497055
data/test/nevus/ISIC_0015056.jpg,0.3645118772983551,0.5191330909729004
data/test/nevus/ISIC_0015057.jpg,0.410411536693573,0.5529598593711853
data/test/nevus/ISIC_0015060.jpg,0.4988400936126709,0.22421208024024963
data/test/nevus/ISIC_0015064.jpg,0.48688676953315735,0.18486455082893372
data/test/nevus/ISIC_0015078.jpg,0.35105469822883606,0.32872647047042847
data/test/nevus/ISIC_0015089.jpg,0.4163031280040741,0.35130003094673157
data/test/nevus/ISIC_0015102.jpg,0.4420190751552582,0.211752250790596
data/test/nevus/ISIC_0015118.jpg,0.40136128664016724,0.19199272990226746
data/test/nevus/ISIC_0015125.jpg,0.40932026505470276,0.28276506066322327
data/test/nevus/ISIC_0015129.jpg,0.33889028429985046,0.3128206431865692
data/test/nevus/ISIC_0015130.jpg,0.35647863149642944,0.22053620219230652
data/test/nevus/ISIC_0015139.jpg,0.44452446699142456,0.17815066874027252
data/test/nevus/ISIC_0015140.jpg,0.34944817423820496,0.5379928350448608
data/test/nevus/ISIC_0015146.jpg,0.470213919878006,0.39659205079078674
data/test/nevus/ISIC_0015149.jpg,0.4556691348552704,0.3371599614620209
data/test/nevus/ISIC_0015150.jpg,0.19230635464191437,0.6147090792655945
data/test/nevus/ISIC_0015152.jpg,0.5432260632514954,0.35527554154396057
data/test/nevus/ISIC_0015155.jpg,0.4317200779914856,0.30586522817611694
data/test/nevus/ISIC_0015157.jpg,0.3999103009700775,0.34318575263023376
data/test/nevus/ISIC_0015160.jpg,0.6795210242271423,0.24013221263885498
data/test/nevus/ISIC_0015161.jpg,0.4155849814414978,0.4942488670349121
data/test/nevus/ISIC_0015171.jpg,0.37218692898750305,0.19219282269477844
data/test/nevus/ISIC_0015173.jpg,0.39020490646362305,0.34693995118141174
data/test/nevus/ISIC_0015174.jpg,0.5076446533203125,0.3697093725204468
data/test/nevus/ISIC_0015175.jpg,0.42125383019447327,0.23027831315994263
data/test/nevus/ISIC_0015176.jpg,0.39474761486053467,0.21586142480373383
data/test/nevus/ISIC_0015179.jpg,0.540859043598175,0.17025186121463776
data/test/nevus/ISIC_0015184.jpg,0.2752544581890106,0.46628338098526
data/test/nevus/ISIC_0015201.jpg,0.41331353783607483,0.2486429661512375
data/test/nevus/ISIC_0015202.jpg,0.5231466889381409,0.6060686111450195
data/test/nevus/ISIC_0015203.jpg,0.27713626623153687,0.6096750497817993
data/test/nevus/ISIC_0015207.jpg,0.37266504764556885,0.22417373955249786
data/test/nevus/ISIC_0015208.jpg,0.368009090423584,0.4026038944721222
data/test/nevus/ISIC_0015212.jpg,0.451456755399704,0.41271737217903137
data/test/nevus/ISIC_0015215.jpg,0.31859660148620605,0.21096493303775787
data/test/nevus/ISIC_0015216.jpg,0.3644346594810486,0.4888365864753723
data/test/nevus/ISIC_0015217.jpg,0.3716503977775574,0.28534549474716187
data/test/nevus/ISIC_0015218.jpg,0.4436093270778656,0.25633504986763
data/test/nevus/ISIC_0015223.jpg,0.31845760345458984,0.23181188106536865
data/test/nevus/ISIC_0015224.jpg,0.47553732991218567,0.37375563383102417
data/test/nevus/ISIC_0015226.jpg,0.3575664162635803,0.4708123207092285
data/test/nevus/ISIC_0015232.jpg,0.38779982924461365,0.24400639533996582
data/test/nevus/ISIC_0015237.jpg,0.39541861414909363,0.584484875202179
data/test/nevus/ISIC_0015241.jpg,0.4083322584629059,0.43612590432167053
data/test/nevus/ISIC_0015244.jpg,0.40024253726005554,0.3724464774131775
data/test/nevus/ISIC_0015245.jpg,0.560059666633606,0.20638416707515717
data/test/nevus/ISIC_0015250.jpg,0.5213468670845032,0.5084071159362793
data/test/nevus/ISIC_0015254.jpg,0.32021546363830566,0.37638887763023376
data/test/nevus/ISIC_0015255.jpg,0.48961660265922546,0.3506444990634918
data/test/nevus/ISIC_0015258.jpg,0.3163061738014221,0.15950462222099304
data/test/nevus/ISIC_0015264.jpg,0.384650319814682,0.2981419861316681
data/test/nevus/ISIC_0015270.jpg,0.43205273151397705,0.4217842221260071
data/test/nevus/ISIC_0015273.jpg,0.4173630475997925,0.3486216962337494
data/test/nevus/ISIC_0015274.jpg,0.314075231552124,0.22457948327064514
data/test/nevus/ISIC_0015276.jpg,0.4125567376613617,0.45530298352241516
data/test/nevus/ISIC_0015279.jpg,0.37393292784690857,0.3042173683643341
data/test/nevus/ISIC_0015283.jpg,0.47885292768478394,0.4788765013217926
data/test/nevus/ISIC_0015291.jpg,0.44325950741767883,0.22365862131118774
data/test/nevus/ISIC_0015293.jpg,0.45552298426628113,0.21015745401382446
data/test/nevus/ISIC_0015298.jpg,0.33489730954170227,0.3783595561981201
data/test/nevus/ISIC_0015309.jpg,0.48993995785713196,0.2571642994880676
data/test/nevus/ISIC_0015310.jpg,0.351581335067749,0.23817594349384308
data/test/nevus/ISIC_0015311.jpg,0.4525337517261505,0.14043255150318146
data/test/nevus/ISIC_0015312.jpg,0.4384717345237732,0.2881582975387573
data/test/nevus/ISIC_0015330.jpg,0.37076666951179504,0.23478493094444275
data/test/nevus/ISIC_0015331.jpg,0.5895683765411377,0.17336909472942352
data/test/nevus/ISIC_0015347.jpg,0.2579292058944702,0.3114112615585327
data/test/nevus/ISIC_0015353.jpg,0.5146781802177429,0.27113282680511475
data/test/nevus/ISIC_0015355.jpg,0.23997899889945984,0.6700789928436279
data/test/nevus/ISIC_0015357.jpg,0.5805370211601257,0.2417345941066742
data/test/nevus/ISIC_0015360.jpg,0.49794259667396545,0.2822161018848419
data/test/nevus/ISIC_0015363.jpg,0.41632726788520813,0.3470073342323303
data/test/nevus/ISIC_0015364.jpg,0.36392417550086975,0.23260439932346344
data/test/nevus/ISIC_0015368.jpg,0.32023847103118896,0.28557848930358887
data/test/nevus/ISIC_0015369.jpg,0.40145355463027954,0.32788005471229553
data/test/nevus/ISIC_0015383.jpg,0.3866657614707947,0.4907490015029907
data/test/nevus/ISIC_0015386.jpg,0.5401222705841064,0.3214445412158966
data/test/nevus/ISIC_0015390.jpg,0.472075879573822,0.2931005358695984
data/test/nevus/ISIC_0015395.jpg,0.47972699999809265,0.2633316218852997
data/test/nevus/ISIC_0015403.jpg,0.2728770971298218,0.548792839050293
data/test/nevus/ISIC_0015404.jpg,0.4891703426837921,0.47026774287223816
data/test/nevus/ISIC_0015411.jpg,0.4085237979888916,0.396856427192688
data/test/nevus/ISIC_0015412.jpg,0.49931037425994873,0.2980242073535919
data/test/nevus/ISIC_0015416.jpg,0.3030879497528076,0.42309507727622986
data/test/nevus/ISIC_0015417.jpg,0.4616870582103729,0.20650292932987213
data/test/nevus/ISIC_0015418.jpg,0.5064184665679932,0.1837514340877533
data/test/nevus/ISIC_0015419.jpg,0.4229941666126251,0.17976276576519012
data/test/nevus/ISIC_0015436.jpg,0.5376338958740234,0.2780918478965759
data/test/nevus/ISIC_0015440.jpg,0.5740790963172913,0.2762436270713806
data/test/nevus/ISIC_0015447.jpg,0.5651865005493164,0.2892056405544281
data/test/nevus/ISIC_0015455.jpg,0.18607309460639954,0.4622458219528198
data/test/nevus/ISIC_0015464.jpg,0.3525323271751404,0.42355599999427795
data/test/nevus/ISIC_0015466.jpg,0.28851640224456787,0.5022728443145752
data/test/nevus/ISIC_0015468.jpg,0.47996294498443604,0.23968330025672913
data/test/nevus/ISIC_0015476.jpg,0.43084779381752014,0.39971619844436646
data/test/nevus/ISIC_0015481.jpg,0.3454711139202118,0.29309073090553284
data/test/nevus/ISIC_0015482.jpg,0.49790629744529724,0.22627533972263336
data/test/nevus/ISIC_0015485.jpg,0.41673094034194946,0.3681318759918213
data/test/nevus/ISIC_0015510.jpg,0.35167983174324036,0.3340873122215271
data/test/nevus/ISIC_0015526.jpg,0.23215137422084808,0.33214735984802246
data/test/nevus/ISIC_0015537.jpg,0.6787862777709961,0.24279485642910004
data/test/nevus/ISIC_0015544.jpg,0.28882336616516113,0.41206732392311096
data/test/nevus/ISIC_0015559.jpg,0.291612446308136,0.30817484855651855
data/test/nevus/ISIC_0015563.jpg,0.3852710425853729,0.28666040301322937
data/test/nevus/ISIC_0015566.jpg,0.23440353572368622,0.5832171440124512
data/test/nevus/ISIC_0015568.jpg,0.5805848240852356,0.28903326392173767
data/test/nevus/ISIC_0015582.jpg,0.4386632442474365,0.21449141204357147
data/test/nevus/ISIC_0015593.jpg,0.5136269927024841,0.1538766622543335
data/test/nevus/ISIC_0015603.jpg,0.3307651877403259,0.12988436222076416
data/test/nevus/ISIC_0015607.jpg,0.3878469467163086,0.20722845196723938
data/test/nevus/ISIC_0015614.jpg,0.5222998857498169,0.17248812317848206
data/test/nevus/ISIC_0015617.jpg,0.4738425016403198,0.4814920127391815
data/test/nevus/ISIC_0015625.jpg,0.6158168315887451,0.19100242853164673
data/test/nevus/ISIC_0015631.jpg,0.4245036542415619,0.30500370264053345
data/test/nevus/ISIC_0015636.jpg,0.4100041687488556,0.24222387373447418
data/test/nevus/ISIC_0015638.jpg,0.5806394815444946,0.29667529463768005
data/test/nevus/ISIC_0015641.jpg,0.37289756536483765,0.33185020089149475
data/test/nevus/ISIC_0015645.jpg,0.4253997802734375,0.21799099445343018
data/test/nevus/ISIC_0015936.jpg,0.4511202573776245,0.3711622357368469
data/test/nevus/ISIC_0015937.jpg,0.37867873907089233,0.26617926359176636
data/test/nevus/ISIC_0015938.jpg,0.45116090774536133,0.27662262320518494
data/test/nevus/ISIC_0015939.jpg,0.603761613368988,0.15925876796245575
data/test/nevus/ISIC_0015940.jpg,0.4491298198699951,0.18251709640026093
data/test/nevus/ISIC_0015941.jpg,0.5280138850212097,0.3133120536804199
data/test/nevus/ISIC_0015942.jpg,0.31679683923721313,0.4579828083515167
data/test/nevus/ISIC_0015943.jpg,0.2982698678970337,0.2217576652765274
data/test/nevus/ISIC_0015944.jpg,0.295942485332489,0.6886038184165955
data/test/nevus/ISIC_0015945.jpg,0.4467827081680298,0.3220861554145813
data/test/nevus/ISIC_0015946.jpg,0.5514996647834778,0.40474483370780945
data/test/nevus/ISIC_0015947.jpg,0.41532665491104126,0.2677970826625824
data/test/nevus/ISIC_0015948.jpg,0.2718713581562042,0.5254854559898376
data/test/nevus/ISIC_0015949.jpg,0.38800275325775146,0.41878747940063477
data/test/nevus/ISIC_0015950.jpg,0.30412039160728455,0.5038288235664368
data/test/nevus/ISIC_0015951.jpg,0.37085092067718506,0.18993428349494934
data/test/nevus/ISIC_0015952.jpg,0.2883954346179962,0.6507347226142883
data/test/nevus/ISIC_0015953.jpg,0.21164251863956451,0.3752936124801636
data/test/nevus/ISIC_0015954.jpg,0.5298234224319458,0.29784145951271057
data/test/nevus/ISIC_0015955.jpg,0.5456690788269043,0.25794780254364014
data/test/nevus/ISIC_0015956.jpg,0.3604390025138855,0.3306193947792053
data/test/nevus/ISIC_0015957.jpg,0.25590285658836365,0.6642806529998779
data/test/nevus/ISIC_0015958.jpg,0.4527147114276886,0.5323036313056946
data/test/nevus/ISIC_0015959.jpg,0.5208610892295837,0.2736501693725586
data/test/nevus/ISIC_0015960.jpg,0.24581149220466614,0.6627206802368164
data/test/nevus/ISIC_0015961.jpg,0.34689730405807495,0.3926506042480469
data/test/nevus/ISIC_0015962.jpg,0.34895840287208557,0.4743010699748993
data/test/nevus/ISIC_0015963.jpg,0.537653923034668,0.23948076367378235
data/test/nevus/ISIC_0015964.jpg,0.6202821731567383,0.23168383538722992
data/test/nevus/ISIC_0015965.jpg,0.4573560059070587,0.432333379983902
data/test/nevus/ISIC_0015966.jpg,0.4933113753795624,0.21419700980186462
data/test/nevus/ISIC_0015967.jpg,0.4481724202632904,0.2427508682012558
data/test/nevus/ISIC_0015968.jpg,0.1940256506204605,0.34895166754722595
data/test/nevus/ISIC_0015969.jpg,0.33927494287490845,0.38554131984710693
data/test/nevus/ISIC_0015971.jpg,0.21053962409496307,0.643715500831604
data/test/nevus/ISIC_0015972.jpg,0.4550468325614929,0.350383996963501
data/test/nevus/ISIC_0015973.jpg,0.31771594285964966,0.3021841049194336
data/test/nevus/ISIC_0015974.jpg,0.6241154074668884,0.17548109591007233
data/test/nevus/ISIC_0015975.jpg,0.4341455101966858,0.34844255447387695
data/test/nevus/ISIC_0015976.jpg,0.7601924538612366,0.12327104061841965
data/test/nevus/ISIC_0015978.jpg,0.6326466798782349,0.29963764548301697
data/test/nevus/ISIC_0015979.jpg,0.4524384140968323,0.18190313875675201
data/test/nevus/ISIC_0015980.jpg,0.40934568643569946,0.3923661708831787
data/test/nevus/ISIC_0015981.jpg,0.4461117684841156,0.3461073040962219
data/test/nevus/ISIC_0015982.jpg,0.3229258358478546,0.23087549209594727
data/test/nevus/ISIC_0015983.jpg,0.3733457624912262,0.336967408657074
data/test/nevus/ISIC_0015984.jpg,0.24699045717716217,0.24768009781837463
data/test/nevus/ISIC_0015985.jpg,0.30896246433258057,0.6704995036125183
data/test/nevus/ISIC_0015986.jpg,0.3776719570159912,0.18028491735458374
data/test/nevus/ISIC_0015987.jpg,0.47948384284973145,0.15964628756046295
data/test/nevus/ISIC_0015988.jpg,0.4393483102321625,0.13276800513267517
data/test/nevus/ISIC_0015989.jpg,0.37704649567604065,0.5823495984077454
data/test/nevus/ISIC_0015990.jpg,0.5001016855239868,0.19273991882801056
data/test/nevus/ISIC_0015991.jpg,0.39460548758506775,0.19601455330848694
data/test/nevus/ISIC_0015992.jpg,0.2392178624868393,0.388158917427063
data/test/nevus/ISIC_0015993.jpg,0.36343950033187866,0.23841142654418945
data/test/nevus/ISIC_0015994.jpg,0.5450743436813354,0.2904215157032013
data/test/nevus/ISIC_0015995.jpg,0.28977760672569275,0.43775874376296997
data/test/nevus/ISIC_0015996.jpg,0.31729960441589355,0.26953431963920593
data/test/nevus/ISIC_0015997.jpg,0.43033111095428467,0.2614799439907074
data/test/nevus/ISIC_0015998.jpg,0.3721731901168823,0.19913747906684875
data/test/nevus/ISIC_0015999.jpg,0.32609108090400696,0.4263238310813904
data/test/nevus/ISIC_0016000.jpg,0.5044304132461548,0.22230184078216553
data/test/nevus/ISIC_0016001.jpg,0.4464634358882904,0.3477485179901123
data/test/nevus/ISIC_0016002.jpg,0.3876428008079529,0.5079411864280701
data/test/nevus/ISIC_0016003.jpg,0.3175441026687622,0.4039815068244934
data/test/nevus/ISIC_0016004.jpg,0.3488195538520813,0.2746630609035492
data/test/nevus/ISIC_0016005.jpg,0.551310658454895,0.3212481737136841
data/test/nevus/ISIC_0016006.jpg,0.295819491147995,0.49604105949401855
data/test/nevus/ISIC_0016007.jpg,0.4744398891925812,0.3574002981185913
data/test/nevus/ISIC_0016008.jpg,0.24254867434501648,0.23596373200416565
data/test/nevus/ISIC_0016009.jpg,0.4116719365119934,0.5582735538482666
data/test/nevus/ISIC_0016011.jpg,0.4799920618534088,0.2441425770521164
data/test/nevus/ISIC_0016012.jpg,0.5732779502868652,0.22306352853775024
data/test/nevus/ISIC_0016013.jpg,0.5073251724243164,0.4446781575679779
data/test/nevus/ISIC_0016014.jpg,0.44053682684898376,0.500000536441803
data/test/nevus/ISIC_0016015.jpg,0.37705373764038086,0.563979983329773
data/test/nevus/ISIC_0016016.jpg,0.2512725591659546,0.5311046242713928
data/test/nevus/ISIC_0016017.jpg,0.38281387090682983,0.2524188160896301
data/test/nevus/ISIC_0016018.jpg,0.5936293005943298,0.18865783512592316
data/test/nevus/ISIC_0016019.jpg,0.39842888712882996,0.4368593394756317
data/test/nevus/ISIC_0016022.jpg,0.6453975439071655,0.15505537390708923
data/test/nevus/ISIC_0016023.jpg,0.3316695988178253,0.3150366544723511
data/test/nevus/ISIC_0016024.jpg,0.5067877173423767,0.3203839957714081
data/test/nevus/ISIC_0016025.jpg,0.49461984634399414,0.164044588804245
data/test/nevus/ISIC_0016026.jpg,0.44149693846702576,0.31308940052986145
data/test/nevus/ISIC_0016027.jpg,0.37522029876708984,0.21254295110702515
data/test/nevus/ISIC_0016028.jpg,0.4274531900882721,0.3953169286251068
data/test/nevus/ISIC_0016029.jpg,0.4661344587802887,0.2720213830471039
data/test/nevus/ISIC_0016030.jpg,0.32967284321784973,0.20811426639556885
data/test/nevus/ISIC_0016031.jpg,0.5417057275772095,0.1618378758430481
data/test/nevus/ISIC_0016033.jpg,0.40479356050491333,0.24675337970256805
data/test/nevus/ISIC_0016034.jpg,0.47428157925605774,0.3680002987384796
data/test/nevus/ISIC_0016035.jpg,0.4254082441329956,0.3152897357940674
data/test/nevus/ISIC_0016036.jpg,0.39725634455680847,0.34216639399528503
data/test/nevus/ISIC_0016037.jpg,0.5563969016075134,0.2573012709617615
data/test/nevus/ISIC_0016038.jpg,0.20160892605781555,0.41255319118499756
data/test/nevus/ISIC_0016040.jpg,0.4395645558834076,0.4502268135547638
data/test/nevus/ISIC_0016041.jpg,0.45996469259262085,0.4722447991371155
data/test/nevus/ISIC_0016042.jpg,0.6765463948249817,0.16736556589603424
data/test/nevus/ISIC_0016043.jpg,0.3289538621902466,0.3244721591472626
data/test/nevus/ISIC_0016044.jpg,0.28243184089660645,0.3378204107284546
data/test/nevus/ISIC_0016045.jpg,0.2836184799671173,0.4788222014904022
data/test/nevus/ISIC_0016046.jpg,0.2390388548374176,0.4812607169151306
data/test/nevus/ISIC_0016048.jpg,0.4629800021648407,0.31425741314888
data/test/nevus/ISIC_0016049.jpg,0.6003633141517639,0.15526409447193146
data/test/nevus/ISIC_0016050.jpg,0.230840265750885,0.41647422313690186
data/test/nevus/ISIC_0016051.jpg,0.3328123986721039,0.18273964524269104
data/test/nevus/ISIC_0016052.jpg,0.44858530163764954,0.3206190764904022
data/test/nevus/ISIC_0016053.jpg,0.42570632696151733,0.2551247477531433
data/test/nevus/ISIC_0016054.jpg,0.4904387593269348,0.3180592656135559
data/test/nevus/ISIC_0016055.jpg,0.35741284489631653,0.3307388126850128
data/test/nevus/ISIC_0016056.jpg,0.33725130558013916,0.3323230743408203
data/test/nevus/ISIC_0016057.jpg,0.4431619942188263,0.26088714599609375
data/test/nevus/ISIC_0016058.jpg,0.2265244424343109,0.44071102142333984
data/test/nevus/ISIC_0016059.jpg,0.27290621399879456,0.3869491517543793
data/test/nevus/ISIC_0016060.jpg,0.4977600574493408,0.20401248335838318
data/test/nevus/ISIC_0016061.jpg,0.45926985144615173,0.23346056044101715
data/test/nevus/ISIC_0016062.jpg,0.40781399607658386,0.22143977880477905
data/test/nevus/ISIC_0016063.jpg,0.4963743984699249,0.23996411263942719
data/test/nevus/ISIC_0016064.jpg,0.32650697231292725,0.29459384083747864
data/test/nevus/ISIC_0016065.jpg,0.6153634786605835,0.2893984615802765
data/test/nevus/ISIC_0016066.jpg,0.25636422634124756,0.4769236445426941
data/test/nevus/ISIC_0016068.jpg,0.5126504302024841,0.29345452785491943
data/test/nevus/ISIC_0016069.jpg,0.618888795375824,0.19624538719654083
data/test/nevus/ISIC_0016070.jpg,0.3573760688304901,0.29992470145225525
data/test/nevus/ISIC_0016071.jpg,0.5507420301437378,0.4526200294494629
data/test/nevus/ISIC_0016072.jpg,0.490840882062912,0.24009905755519867
data/test/seborrheic_keratosis/ISIC_0012086.jpg,0.48872244358062744,0.2693684697151184
data/test/seborrheic_keratosis/ISIC_0012134.jpg,0.5028939843177795,0.214294895529747
data/test/seborrheic_keratosis/ISIC_0012136.jpg,0.4199244976043701,0.2340897023677826
data/test/seborrheic_keratosis/ISIC_0012178.jpg,0.3735423684120178,0.5022008419036865
data/test/seborrheic_keratosis/ISIC_0012199.jpg,0.6294584274291992,0.2735435664653778
data/test/seborrheic_keratosis/ISIC_0012207.jpg,0.3284027576446533,0.5176369547843933
data/test/seborrheic_keratosis/ISIC_0012215.jpg,0.36102333664894104,0.27509257197380066
data/test/seborrheic_keratosis/ISIC_0012223.jpg,0.41335612535476685,0.45803675055503845
data/test/seborrheic_keratosis/ISIC_0012240.jpg,0.46497756242752075,0.2940351665019989
data/test/seborrheic_keratosis/ISIC_0012248.jpg,0.6510880589485168,0.14069689810276031
data/test/seborrheic_keratosis/ISIC_0012265.jpg,0.45038795471191406,0.3620360791683197
data/test/seborrheic_keratosis/ISIC_0012266.jpg,0.17840859293937683,0.6756559610366821
data/test/seborrheic_keratosis/ISIC_0012272.jpg,0.3626949191093445,0.5308862924575806
data/test/seborrheic_keratosis/ISIC_0012273.jpg,0.3413239121437073,0.6004505157470703
data/test/seborrheic_keratosis/ISIC_0012314.jpg,0.6811666488647461,0.11840199679136276
data/test/seborrheic_keratosis/ISIC_0012323.jpg,0.28696057200431824,0.5466999411582947
data/test/seborrheic_keratosis/ISIC_0012330.jpg,0.49276837706565857,0.24106405675411224
data/test/seborrheic_keratosis/ISIC_0012358.jpg,0.46396172046661377,0.4425020217895508
data/test/seborrheic_keratosis/ISIC_0012364.jpg,0.39876383543014526,0.19193975627422333
data/test/seborrheic_keratosis/ISIC_0012372.jpg,0.3715890645980835,0.10118245333433151
data/test/seborrheic_keratosis/ISIC_0012375.jpg,0.3208979070186615,0.5601401925086975
data/test/seborrheic_keratosis/ISIC_0012387.jpg,0.41455981135368347,0.2652597427368164
data/test/seborrheic_keratosis/ISIC_0012388.jpg,0.4688747823238373,0.2166672796010971
data/test/seborrheic_keratosis/ISIC_0012414.jpg,0.5786686539649963,0.1485586017370224
data/test/seborrheic_keratosis/ISIC_0012428.jpg,0.3762200176715851,0.23566100001335144
data/test/seborrheic_keratosis/ISIC_0012432.jpg,0.3996261954307556,0.22992652654647827
data/test/seborrheic_keratosis/ISIC_0012447.jpg,0.4429578483104706,0.3666326701641083
data/test/seborrheic_keratosis/ISIC_0012448.jpg,0.2892177402973175,0.6245195865631104
data/test/seborrheic_keratosis/ISIC_0012510.jpg,0.3240731656551361,0.2566036880016327
data/test/seborrheic_keratosis/ISIC_0012522.jpg,0.37327897548675537,0.4898449778556824
data/test/seborrheic_keratosis/ISIC_0012537.jpg,0.217217817902565,0.36590704321861267
data/test/seborrheic_keratosis/ISIC_0012548.jpg,0.27077215909957886,0.5547055602073669
data/test/seborrheic_keratosis/ISIC_0012705.jpg,0.6139366626739502,0.18724429607391357
data/test/seborrheic_keratosis/ISIC_0012757.jpg,0.3688543438911438,0.1594219207763672
data/test/seborrheic_keratosis/ISIC_0012786.jpg,0.3554653525352478,0.7177438735961914
data/test/seborrheic_keratosis/ISIC_0012848.jpg,0.501755952835083,0.15566030144691467
data/test/seborrheic_keratosis/ISIC_0012852.jpg,0.3605046272277832,0.6651999950408936
data/test/seborrheic_keratosis/ISIC_0012928.jpg,0.5353326201438904,0.1922249048948288
data/test/seborrheic_keratosis/ISIC_0012955.jpg,0.4327192008495331,0.44296738505363464
data/test/seborrheic_keratosis/ISIC_0012974.jpg,0.2807697355747223,0.3821295499801636
data/test/seborrheic_keratosis/ISIC_0013030.jpg,0.40946704149246216,0.4512752294540405
data/test/seborrheic_keratosis/ISIC_0013035.jpg,0.5277907252311707,0.2736671566963196
data/test/seborrheic_keratosis/ISIC_0013085.jpg,0.46385613083839417,0.34012341499328613
data/test/seborrheic_keratosis/ISIC_0013169.jpg,0.5511136651039124,0.2399057298898697
data/test/seborrheic_keratosis/ISIC_0013170.jpg,0.24084292352199554,0.4760894179344177
data/test/seborrheic_keratosis/ISIC_0013203.jpg,0.3124692440032959,0.4362524747848511
data/test/seborrheic_keratosis/ISIC_0013270.jpg,0.6619288325309753,0.19484955072402954
data/test/seborrheic_keratosis/ISIC_0013271.jpg,0.39164018630981445,0.27746883034706116
data/test/seborrheic_keratosis/ISIC_0013281.jpg,0.3635055124759674,0.3125561773777008
data/test/seborrheic_keratosis/ISIC_0013319.jpg,0.4360508322715759,0.4574504792690277
data/test/seborrheic_keratosis/ISIC_0013393.jpg,0.7647249698638916,0.16059474647045135
data/test/seborrheic_keratosis/ISIC_0013465.jpg,0.5489639043807983,0.23015236854553223
data/test/seborrheic_keratosis/ISIC_0013673.jpg,0.4375509023666382,0.3702358901500702
data/test/seborrheic_keratosis/ISIC_0013708.jpg,0.29507002234458923,0.1969854235649109
data/test/seborrheic_keratosis/ISIC_0013764.jpg,0.41514062881469727,0.3256036043167114
data/test/seborrheic_keratosis/ISIC_0013977.jpg,0.3885490298271179,0.3570735454559326
data/test/seborrheic_keratosis/ISIC_0014006.jpg,0.2706559896469116,0.30202716588974
data/test/seborrheic_keratosis/ISIC_0014177.jpg,0.30739274621009827,0.6662692427635193
data/test/seborrheic_keratosis/ISIC_0014251.jpg,0.32199063897132874,0.6666550636291504
data/test/seborrheic_keratosis/ISIC_0014278.jpg,0.5673715472221375,0.1941877007484436
data/test/seborrheic_keratosis/ISIC_0014386.jpg,0.6401668190956116,0.20916609466075897
data/test/seborrheic_keratosis/ISIC_0014392.jpg,0.32926782965660095,0.5361156463623047
data/test/seborrheic_keratosis/ISIC_0014409.jpg,0.33070608973503113,0.3783183991909027
data/test/seborrheic_keratosis/ISIC_0014419.jpg,0.35405856370925903,0.20130573213100433
data/test/seborrheic_keratosis/ISIC_0014457.jpg,0.4551539421081543,0.3809191584587097
data/test/seborrheic_keratosis/ISIC_0014474.jpg,0.3299176096916199,0.6117368340492249
data/test/seborrheic_keratosis/ISIC_0014500.jpg,0.5136220455169678,0.38710710406303406
data/test/seborrheic_keratosis/ISIC_0014503.jpg,0.4070020318031311,0.473149836063385
data/test/seborrheic_keratosis/ISIC_0014567.jpg,0.2574871778488159,0.5081374049186707
data/test/seborrheic_keratosis/ISIC_0014574.jpg,0.6960448026657104,0.12500177323818207
data/test/seborrheic_keratosis/ISIC_0014575.jpg,0.5664920210838318,0.17668411135673523
data/test/seborrheic_keratosis/ISIC_0014586.jpg,0.4272076189517975,0.17106284201145172
data/test/seborrheic_keratosis/ISIC_0014587.jpg,0.539836049079895,0.2846727967262268
data/test/seborrheic_keratosis/ISIC_0014588.jpg,0.2988806962966919,0.2823433578014374
data/test/seborrheic_keratosis/ISIC_0014590.jpg,0.334147572517395,0.6913432478904724
data/test/seborrheic_keratosis/ISIC_0014600.jpg,0.4884193241596222,0.2196899652481079
data/test/seborrheic_keratosis/ISIC_0014619.jpg,0.3424246907234192,0.4500715434551239
data/test/seborrheic_keratosis/ISIC_0014626.jpg,0.43913012742996216,0.31435978412628174
data/test/seborrheic_keratosis/ISIC_0014627.jpg,0.25814467668533325,0.3980136513710022
data/test/seborrheic_keratosis/ISIC_0014629.jpg,0.45421770215034485,0.4787205159664154
data/test/seborrheic_keratosis/ISIC_0014631.jpg,0.38498425483703613,0.31696292757987976
data/test/seborrheic_keratosis/ISIC_0014634.jpg,0.24909305572509766,0.6215456128120422
data/test/seborrheic_keratosis/ISIC_0014643.jpg,0.5884538888931274,0.20575079321861267
data/test/seborrheic_keratosis/ISIC_0014644.jpg,0.44124677777290344,0.3315088152885437
data/test/seborrheic_keratosis/ISIC_0014645.jpg,0.44135770201683044,0.2527827024459839
data/test/seborrheic_keratosis/ISIC_0014647.jpg,0.3134933412075043,0.20608705282211304
data/test/seborrheic_keratosis/ISIC_0014648.jpg,0.2646174728870392,0.310512512922287
data/test/seborrheic_keratosis/ISIC_0014649.jpg,0.4851696193218231,0.2474297285079956
data/test/seborrheic_keratosis/ISIC_0014652.jpg,0.6154569387435913,0.37564870715141296
data/test/seborrheic_keratosis/ISIC_0014653.jpg,0.33051085472106934,0.3884018361568451
